smiles,IC50,score
Cc1ccccc1-c1ncc(C(=O)NCC(=O)OCC(=O)NC(C)C)cc1,839.5897216796875,2.0673093464534062
N=C(Nc1ccccc1)c1ncccc1CNC(=O)c1ccc(Br)cc1,2425.3115234375,2.2652737971559684
O=C(Nc1nc2ccccc2s1)c1ccccc1CC(=O)N1CCCCC1,17.622472763061523,2.005062086472879
Cc1ccccc1C(=O)Nc1c(C)ccc(C)c1,1894.442138671875,1.435705887530375
O=C(Nc1ccccc1)c1ncccc1CNC(=O)c1ccc(Br)cc1,591.921875,1.8892528740790446
