smiles,IC50,score
C(=O)NCCCCCCC(=O)OCC(=O)OCCCCCC(=O)OC(C)C,6153.10888671875,2.4635068849149437
CCCCCCC(=O)NCCCCCCCC(=O)NCCCCC,6877.0458984375,1.8286756063456142
Cc1ccccc1/C=C1/C(=C/c2ccc(C)cc2)n1,5814.296875,2.2842564959720697
CCOC(=O)Cn1nnnc1COC(=O)c1ccc(Cl)cc1Cl,3693.154052734375,2.261746022973833
CC1=C(C)CC(=O)N(Cc2ccccc2)CC1,7110.27734375,2.223306004917479
