smiles,IC50,score
Cc1ccccc1/C=C1/C(=C/c2ccc(C)cc2)n1,2572.01416015625,2.2842564959720697
CCOC(=O)Cn1nnnc1COC(=O)c1ccc(Cl)cc1Cl,255.43582153320312,2.261746022973833
CC1=C(C)CC(=O)N(Cc2ccccc2)CC1,1523.6278076171875,2.223306004917479
Cc1ccccc1C(=O)Nc1c(C)cc(C)c(C)c1OC,604.85205078125,1.983779652820834
Cc1ccc2[nH]c(-c3ccc3c(c4)OCO4)nc2c1,638.21435546875,3.2601110314366046
