smiles,IC50,score
C(=O)NCCCCCCC(=O)OCC(=O)OCCCCCC(=O)OC(C)C,6153.11572265625,2.4635068849149437
CCCCCCC(=O)NCCCCCCCC(=O)NCCCCC,6877.0517578125,1.8286756063456142
Cc1ccccc1/C=C1/C(=C/c2ccc(C)cc2)n1,5814.29296875,2.2842564959720697
CCOC(=O)Cn1nnnc1COC(=O)c1ccc(Cl)cc1Cl,3693.1494140625,2.261746022973833
CC1=C(C)CC(=O)N(Cc2ccccc2)CC1,7110.26904296875,2.223306004917479
