smiles,IC50,score
CCc1nc(NC(=O)N2CCN(C(=O)[C@H]3CCC[C@@H]3C)CC2)ccc1OC,47.888797760009766,3.1483209784943966
CC[C@H](NC(=O)[C@H]1CCCN(C(=O)Nc2ccc(Cl)cc2Cl)CC1)C1CC1,36.09342575073242,2.9272624683729394
Cc1ccc(-c2ccc(C)cc2)nc1NC(=O)C[C@@H](C)C(=O)NCc1ccccc1,34.74446487426758,2.5637233480014405
[C@H](NC(=O)[C@H](C)[C@H](C)C(C)C)NC(=O)Cc1ccccc1,37.30043029785156,3.5119920783840914
CC[C@@H](C)[C@@H](C)NC(=O)c1cnc(NC(=O)c2ccc(C(=O)[O-])cc2)s1,91.993896484375,3.305833133593376
