SMILES,IC50,SA_Score
c1cc(nc2ccccc12)[CH]1N[CH](CNC(=O)C(F)(F)F)C[CH]1c1ccccc1,74.25158415782974,3.59441397346189
c1[nH]c(=O)c2cc(ccc2c1Nc1nc2cnccc2s1)C1CCC1,28.445696122299484,2.6574244711608372
c1c(nn2cccnc12)-c1ccc(cc1)S(=O)(=O)Cc1ccccc1,79.94755917998307,2.165178528062837
Br.COc1ccc(cc1N1CCN(CC1)C(N)=N)-c1nc(N)nc(N)n1,88.94320460658064,2.5710994786294243
Br.CN1CCN(Cc2cnc3c4c(cc22CC(C)(C)C3)c2cc4)CC1,56.160768319138725,5.639925058315615
